item_name_as_billed,qty_units,mrp_inr,batch,expiry
MIZITH-FORTE STRIP,10,175.29,B4474,2026-07
ZYPRIL-FORTE STRIP,20,33.09,B5466,2027-02
ZYVIN-2 15S,30,99.54,B4103,2027-03
FETAS STRIP,1,240.99,B8103,2026-11
MIVIN-FORTE TAB 15'S,10,111.64,B1870,2026-10
NIMAX-FORTE TAB 10'S,1,55.69,B4710,2028-12
TATAS 15S,30,55.82,B5395,2027-04
SUPRIL-1 TAB 15'S,20,308.62,B5718,2028-01
LOPAN-PLUS STRIP,1,233.03,B6002,2028-04
KOFEN-2-DUO 100ML SYP,10,86.66,B6442,2027-03
TAFEN-2 100ML SYP,30,209.98,B1341,2026-05
FEPAN TAB 15'S,10,288.37,B8763,2028-01
SUPAN-1 TAB 15'S,30,59.63,B1284,2028-11
CAZOL TAB 15'S,1,245.49,B3401,2026-02
SUCOR-FORTE 100ML SYP,20,221.63,B6747,2028-05
LODOL-2 CAP 10'S,20,224.53,B6777,2027-12
RADOL STRIP,1,236.62,B5422,2028-09
SUZOL-2-DUO TAB 10'S,15,469.92,B4608,2028-03
PAZOL-2 TAB 10'S,15,280.62,B8056,2027-04
MICOR-1 TAB 15'S,30,309.48,B5487,2028-11
DUTAS-1 15S,1,90.58,B6715,2027-07
DUTAS-PLUS CAP 10'S,20,97.95,B9520,2028-06
ZYPAN-FORTE TAB 10'S,30,383.4,B6685,2027-02
MIVIN-1 15S,15,228.1,B3461,2028-05
CAVIN-FORTE 100ML SYP,15,151.32,B5722,2026-05
KOVS-2 TAB 10'S,15,141.58,B3022,2026-08
ZYVAS-PLUS 15S,20,319.64,B1010,2026-05
DUTAS-PLUS CAP 10'S,1,322.03,B3540,2026-12
FEMAX-DUO 100ML SYP,15,211.93,B2322,2027-04
NICET-2 CAP 10'S,15,391.13,B7328,2027-07
LOFEN-1 TAB 10'S,20,442.33,B6091,2026-10
ORPAN-1 CAP 10'S,1,73.69,B4268,2027-03
ZYFEN-2 TAB 15'S,20,151.96,B5871,2028-11
ORMAX TAB 15'S,30,377.3,B8158,2026-03
TAZITH-1 100ML SYP,20,245.8,B6858,2027-06
ZYTEL 15S,30,225.73,B1432,2027-02
NIVAS-FORTE STRIP,20,379.29,B9391,2027-03
NIMUPAR-P TAB 10'S,40,34.5,B5521,2027-04
PAPRIL-2 STRIP,20,33.27,B7433,2026-07
MIDOL-PLUS 15S,1,225.22,B1890,2026-01
ECOSPRIN-75 100ML SYP,10,165.4,B2595,2027-10
ORTAS-FORTE CAP 10'S,10,65.32,B9369,2028-12
NIVIN-PLUS TAB 15'S,1,76.04,B9115,2026-04
PAPRIL 100ML SYP,15,150.02,B6093,2028-01
KODOL-1 STRIP,15,62.14,B1000,2026-10
DUVAS STRIP,10,124.68,B2697,2027-01
DUTEL-1 15S,30,34.27,B2995,2027-07
ORCET TAB 15'S,15,405.29,B9957,2027-10
CAZITH-2 100ML SYP,1,66.15,B3396,2028-01
TAMET-PLUS 100ML SYP,15,88.61,B9956,2026-08
TACOR CAP 10'S,10,460.69,B9076,2027-11
MIPAN-FORTE 15S,10,226.99,B7960,2026-01
ZYCOR-PLUS TAB 10'S,1,191.81,B5960,2026-11
ZYDOL-2 100ML SYP,1,217.79,B6811,2026-08
KOVAS-2 15S,20,12.3,B3593,2027-09
CAVAS-1 STRIP,15,172.65,B9602,2027-09
BEZOL-1 100ML SYP,15,174.08,B6558,2027-12
RAMAX-PLUS TAB 15'S,20,378.5,B5963,2027-02
MIZOL-FORTE 100ML SYP,30,185.72,B8729,2028-11
MIFEN 100ML SYP,1,373.99,B9608,2027-03
SUMOX STRIP,1,172.3,B7615,2026-01
MIMET-2 100ML SYP,15,117.36,B2740,2027-11
LOTEL-DUO TAB 15'S,15,57.76,B3850,2028-07
TAMET-2 15S,10,37.23,B5103,2026-01
NICET-PLUS TAB 10'S,30,368.3,B1482,2026-06
TAZITH-FORTE 15S,30,70.88,B4272,2026-05
ZYPAN-2 100ML SYP,20,114.43,B3655,2027-09
DUTAS-1 TAB 15'S,10,282.75,B2576,2026-01
ZYMAX-FORTE TAB 10'S,20,373.51,B9955,2026-06
TACOR-FORTE 100ML SYP,1,242.19,B4399,2028-08
PAPRIL-FORTE CAP 10'S,1,432.68,B3258,2026-08
CAZOL-1-DUO 15S,10,276.64,B3083,2028-05
CAMAX-2 15S,15,32.3,B9856,2027-01
TACOR-PLUS CAP 10'S,20,192.28,B6863,2026-03
DUMET-1 TAB 10'S,1,279.57,B9482,2028-09
VETAS-FORTE STRIP,10,265.68,B2816,2028-08
MIFEN-FORTE CAP 10'S,10,23.23,B7904,2027-04
LOTAS-2 TAB 10'S,15,104.4,B6400,2028-01
RAMOX-2 TAB 10'S,1,434.84,B1579,2027-02
LOPAN STRIP,1,446.66,B8844,2026-05
DUZOL TAB 10'S,10,242.39,B4690,2028-06
DUMAX-FORTE CAP 10'S,15,18.12,B1906,2026-04
MITEL 15S,10,268.78,B1854,2027-07
TATEL-PLUS 15S,30,267.39,B2893,2027-02
RACOR-1 CAP 10'S,20,99.4,B8152,2026-04
LOVAS-FORTE STRIP,10,115.2,B9785,2028-01
SUTEL-FORTE TAB 10'S,15,391.56,B2255,2026-03
CAPAN-FORTE CAP 10'S,10,156.27,B5001,2027-03
ORTAS-PLUS 15S,10,317.91,B2251,2027-09
LOTEL-PLUS 100ML SYP,20,431.69,B4609,2027-12
KOZITH CAP 10'S,1,146.15,B5001,2028-05
NITEL-PLUS STRIP,1,57.27,B6679,2027-12
FETAS 15S,20,45.03,B3246,2028-04
SUVAS-PLUS STRIP,15,65.94,B3325,2026-04
CACOR-1 100ML SYP,30,457.84,B1348,2027-01
KODOL-PLUS STRIP,30,149.79,B2384,2026-05
CATAS-FORTE 15S,30,16.9,B7268,2027-08
MITS-PLUS TAB 15'S,30,95.05,B8062,2028-01
ZYMOX-2 TAB 10'S,1,368.13,B1425,2028-06
FECOR-1 CAP 10'S,1,110.21,B1448,2027-12
CAZOL-FORTE 15S,30,377.39,B1935,2026-09
TAZITH-2 100ML SYP,20,413.22,B9761,2027-07
VEZITH-PLUS STRIP,1,130.77,B7247,2027-12
RADOL-1 TAB 15'S,15,436.44,B5598,2028-05
LOMAX-PLUS TAB 15'S,1,147.63,B7465,2026-10
BETAS-PLUS CAP 10'S,20,377.31,B1202,2026-05
KOPAN-FORTE CAP 10'S,20,408.06,B8271,2027-01
BEPAN-FORTE 15S,10,463.9,B8867,2028-09
PAPRIL-1 TAB 10'S,1,451.13,B5529,2028-09
SUZITH-PLUS-DUO TAB 10'S,30,92.87,B5524,2027-08
TADOL-1 100ML SYP,15,77.34,B1812,2026-02
NIDOL TAB 15'S,1,414.19,B6199,2026-09
RADOL-2 TAB 10'S,20,468.33,B1264,2028-06
SUZITH TAB 10'S,1,118.78,B2788,2026-09
SUPRIL-1 STRIP,10,119.85,B6337,2028-06
MIMAX 100ML SYP,30,41.7,B7987,2027-03
FEDOL-2 STRIP,20,166.11,B7686,2028-06
RAPAN-2 CAP 10'S,1,22.71,B7034,2026-05
ORZITH-FORTE STRIP,10,58.14,B4464,2027-09
NIPAN-1 100ML SYP,1,377.8,B6636,2026-07
LOPAN-1 TAB 10'S,15,187.87,B2285,2026-04
FEPAN-PLUS STRIP,1,354.42,B9830,2028-02
VEZOL-PLUS STRIP,10,294.55,B9592,2028-08
SUFEN-2 TAB 15'S,1,146.33,B4998,2027-04
ORTAS-2 CAP 10'S,15,223.15,B2890,2028-04
PAZITH-PLUS 15S,20,45.61,B9284,2026-06
SUMET-1 STRIP,15,219.91,B7862,2026-10
KODOL TAB 15'S,1,123.61,B7678,2028-10
LOZOL-PLUS STRIP,20,383.64,B6596,2027-02
TAMOX 15S,1,472.09,B9096,2028-04
ORMET-2 15S,10,86.72,B7858,2027-09
PAZITH-FORTE 15S,10,67.66,B1558,2027-01
MIMOX TAB 10'S,15,251.03,B9672,2027-07
FEMET-2 15S,1,121.96,B5806,2026-06
NIFEN CAP 10'S,1,295.33,B2765,2028-01
VEVIN-1 CAP 10'S,30,437.84,B8368,2028-07
PAMAX-2 15S,15,354.19,B9345,2026-03
BEDOL-2 STRIP,1,182.58,B8430,2027-06
PAVAS-FORTE STRIP,1,139.83,B2587,2026-05
RAZITH-FORTE TAB 10'S,1,252.34,B9604,2028-09
TAPRIL-PLUS-DUO 15S,20,160.36,B6219,2026-03
NIVS-PLUS 100ML SYP,15,211.21,B5558,2028-10
DUVAS-FORTE CAP 10'S,20,86.16,B5716,2027-08
BETAS-1-DUO TAB 15'S,20,451.3,B5250,2028-02
CAVAS-FORTE 100ML SYP,20,74.55,B4388,2028-09
NIVIN-1 TAB 10'S,1,434.0,B9844,2028-04
CMOX TAB 10'S,20,103.88,B7987,2028-08
ZYCET-PLUS 15S,20,441.29,B2965,2027-07
CAMET-2 TAB 10'S,15,476.73,B2908,2027-02
CACOR-1 TAB 15'S,10,162.4,B9307,2027-05
PAFEN-1 100ML SYP,1,325.22,B2213,2028-12
DUTAS-FORTE TAB 10'S,30,55.41,B9540,2027-04
PAPAN-1 100ML SYP,10,456.01,B1130,2026-03
ORFEN-FORTE TAB 15'S,15,133.22,B3481,2027-03
CATAS-1 CAP 10'S,15,101.73,B2453,2028-12
TACOR TAB 10'S,30,39.75,B4416,2028-03
SUZITH-1 100ML SYP,20,297.51,B4845,2028-06
TAPAN-PLUS 100ML SYP,15,422.36,B4799,2027-11
RAVAS-1 100ML SYP,30,290.18,B9903,2027-05
SUZITH TAB 10'S,20,206.05,B8326,2027-04
PACOR TAB 10'S,15,227.36,B6224,2028-02
CACET-2 15S,15,373.18,B8925,2027-10
SUMAX-FORTE TAB 15'S,10,145.32,B9314,2026-07
TATAS-1 CAP 10'S,20,326.59,B7737,2027-08
CATAS-1 CAP 10'S,10,134.65,B4587,2027-11
CROCIN-ADVANCE-500 CAP 10'S,30,201.43,B3728,2028-04
FEPAN-2-DUO TAB 10'S,1,296.27,B3117,2028-09
TFEN-1 100ML SYP,10,386.74,B2478,2028-06
PAMAX-1 STRIP,10,317.13,B9497,2026-06
MIZITH-2 TAB 15'S,1,194.69,B4757,2027-03
SUCOR-2-DUO CAP 10'S,30,109.77,B5074,2026-01
TAZITH-1 STRIP,10,244.71,B8944,2026-03
VEDOL-FORTE TAB 10'S,15,306.09,B5051,2026-05
NIVIN-1 15S,30,69.92,B5423,2026-02
VEPRIL-PLUS 100ML SYP,30,17.51,B9875,2028-03
SUTEL-1 STRIP,30,99.7,B6114,2027-07
FEPRIL TAB 10'S,20,137.35,B4320,2026-05
TAVAS STRIP,30,185.75,B8037,2026-04
ZYZOL-FORTE STRIP,20,236.14,B9736,2028-04
ORDOL-PLUS 15S,30,457.09,B9955,2028-02
SUFEN-1 STRIP,10,195.55,B4802,2027-06
PAVAS-FORTE TAB 10'S,20,164.91,B2370,2026-09
ORMAX-PLUS 15S,1,125.99,B3315,2027-10
NIVIN STRIP,1,366.99,B1965,2027-05
BEFEN 100ML SYP,20,401.8,B1598,2027-12
ZYZITH-PLUS 15S,10,134.56,B4427,2028-08
CHESTON-COLD CAP 10'S,15,159.91,B8913,2028-09
CATEL-FORTE 100ML SYP,10,442.82,B7974,2028-02
NIMET-PLUS TAB 10'S,15,253.41,B2990,2026-04
FEFEN TAB 10'S,10,425.96,B9113,2026-11
VEVAS-FORTE 15S,15,361.52,B9963,2027-07
ZYMOX-2 TAB 10'S,30,477.99,B5441,2028-06
KOVIN CAP 10'S,1,314.9,B3318,2027-09
SUZOL-1 STRIP,20,253.15,B5116,2027-08
PAMAX-2 CAP 10'S,15,85.52,B8763,2026-06
KOTAS-FORTE TAB 15'S,30,39.65,B1091,2027-12
PADOL-FORTE 100ML SYP,10,261.81,B6423,2026-01
FEZOL-PLUS-DUO STRIP,15,39.52,B4703,2027-11
BEPN-2 TAB 15'S,20,142.14,B7982,2028-12
TAVAS-PLUS STRIP,30,448.99,B9864,2028-11
AZEE-500 STRIP,15,56.6,B4546,2027-03
NIPRIL-1 TAB 10'S,15,384.13,B7274,2027-10
TATEL STRIP,1,138.86,B8756,2026-03
డోలో 650 టాబ్లెట్ 15,25,31.0,B7212,2027-08
VEPRIL-2 TAB 15'S,15,51.11,B3400,2026-03
TAVAS-2 TAB 10'S,20,44.72,B1855,2026-09
RACET-FORTE 15S,30,162.39,B9198,2026-04
RAVIN-2 15S,30,341.35,B6816,2027-09
TACET-PLUS TAB 10'S,1,405.51,B3721,2028-05
BECET 15S,1,216.46,B5104,2028-02
LOZOL-1 15S,20,92.02,B6991,2027-11
FEVAS-1 15S,15,299.21,B4129,2027-06
TACOR-PLUS 100ML SYP,10,100.43,B6914,2028-04
KOTS-2 CAP 10'S,20,52.42,B7043,2027-09
VEFEN STRIP,20,23.83,B5504,2028-08
NIZITH-2 100ML SYP,20,137.41,B1937,2028-01
SUVIN-2-DUO 15S,1,306.42,B9033,2026-08
VEPRIL 100ML SYP,1,389.11,B1625,2027-01
PAPRIL-PLUS-DUO 100ML SYP,15,341.06,B3898,2026-02
CAZITH-1 TAB 10'S,10,217.27,B2021,2027-02
ORFEN CAP 10'S,15,317.21,B1273,2027-11
MIDOL-FORTE CAP 10'S,15,435.5,B7000,2028-01
MIMET-PLUS 15S,30,403.4,B2007,2026-04
ORTAS-1 STRIP,15,352.07,B2375,2026-08
BEPRIL-FORTE STRIP,15,333.07,B7705,2026-11
PACET-1 TAB 10'S,20,137.22,B6745,2026-06
ORCOR-1 100ML SYP,10,275.24,B8585,2026-02
CAVIN-FORTE TAB 15'S,10,95.63,B1329,2026-01
TAVIN-FORTE CAP 10'S,30,46.36,B5042,2027-11
BEVAS-FORTE TAB 15'S,15,154.55,B7214,2028-05
TAFEN-1 TAB 15'S,1,156.94,B4702,2026-05
TADOL-FORTE TAB 15'S,20,130.42,B8202,2027-02
RANIDOM STRIP,20,172.66,B9569,2027-11
RAPRIL-FORTE TAB 15'S,10,456.24,B7318,2026-09
SUMAX-PLUS 100ML SYP,30,171.75,B5729,2026-06
DUTEL STRIP,1,399.69,B5406,2026-09
LOMAX-FORTE CAP 10'S,15,228.75,B1515,2026-09
FEVAS-FORTE TAB 15'S,30,73.99,B6291,2027-10
DUPRIL-FORTE STRIP,10,160.16,B2713,2028-06
ORDOL-1 TAB 10'S,15,206.9,B6483,2027-11
SUTEL-2 TAB 15'S,20,152.56,B8648,2028-03
TADOL-FORTE 15S,1,223.44,B8126,2028-07
KOMOX-1 TAB 15'S,20,349.43,B6535,2027-11
ORMAX TAB 10'S,15,368.22,B9306,2026-07
ORVIN-PLUS CAP 10'S,1,197.15,B1467,2026-09
FEVAS-1 CAP 10'S,1,463.59,B9586,2026-10
TADOL-PLUS TAB 15'S,20,380.2,B1881,2026-05
ORMAX-2 TAB 15'S,20,224.51,B3708,2027-01
FETEL-2 TAB 15'S,15,150.21,B2316,2026-04
MICET-PLUS 15S,10,349.79,B3525,2028-09
DUVAS-PLUS CAP 10'S,10,233.31,B6647,2026-08
DUVIN-PLUS 15S,15,438.86,B7165,2027-12
ZYMAX-2 TAB 10'S,30,68.65,B3187,2027-06
RAPAN-PLUS-DUO 100ML SYP,30,289.76,B9750,2026-06
SUDOL-PLUS 100ML SYP,1,20.7,B3918,2026-06
TAMOX-DUO STRIP,10,296.19,B7523,2026-11
RACET-2 15S,15,28.89,B5946,2027-02
ORFEN-FORTE 100ML SYP,15,208.94,B5668,2027-07
ZYTEL-PLUS 15S,10,131.2,B7909,2026-03
RAMET-PLUS STRIP,10,227.44,B2353,2027-11
ORMOX-PLUS 100ML SYP,30,387.28,B1200,2026-06
RADOL-2 STRIP,30,331.93,B1189,2027-11
CAMET-2 15S,30,372.08,B5963,2027-05
DUPAN TAB 10'S,1,388.96,B8377,2028-06
DUMOX 100ML SYP,20,406.45,B6977,2026-03
MITAS-2-DUO STRIP,30,418.79,B2310,2026-01
ORMAX-2 100ML SYP,1,129.7,B9436,2028-12
ORTEL-DUO 15S,10,227.37,B1652,2026-08
SUZOL-PLUS TAB 10'S,1,331.97,B5134,2027-06
TAMAX-2 TAB 10'S,1,134.14,B5804,2027-07
LOFEN CAP 10'S,20,308.18,B2829,2027-12
CTEL-2 100ML SYP,30,125.35,B2377,2028-02
RAMAX-FORTE TAB 15'S,30,211.48,B5500,2027-08
SUCET-PLUS TAB 15'S,1,276.6,B1665,2026-06
ZYDOL-FORTE TAB 15'S,1,469.07,B2656,2027-09
FECET TAB 10'S,20,445.75,B5947,2027-07
TVIN-1 100ML SYP,20,348.59,B2298,2027-02
SUMET-1 STRIP,20,477.6,B9422,2028-04
RACET-1 TAB 10'S,20,278.61,B4525,2027-05
RAMAX-2 TAB 15'S,20,244.74,B1749,2028-07
ZYCOR-FORTE 100ML SYP,20,136.7,B7671,2026-01
ORDOL 100ML SYP,15,137.69,B8576,2028-11
SUVIN-PLUS TAB 15'S,15,16.53,B6318,2026-02
CADOL-2 100ML SYP,1,398.33,B7893,2028-10
TACOR-FORTE 15S,30,446.9,B1205,2027-06
NITAS-1 15S,15,226.04,B9175,2026-09
MICOR-2 100ML SYP,30,128.69,B1528,2028-10
BEPAN-FORTE 100ML SYP,30,272.95,B6657,2026-04
BEZOL STRIP,20,151.5,B6166,2027-11
ZYZITH-FORTE TAB 15'S,1,284.09,B6761,2028-07
LOZITH-1 TAB 10'S,20,270.64,B9040,2026-07
ZYZITH-2 TAB 15'S,30,294.56,B3023,2026-07
DUMOX-FORTE TAB 10'S,1,144.57,B3606,2028-07
ORPAN-2 CAP 10'S,15,205.38,B5569,2027-06
SUZITH-FORTE 100ML SYP,20,245.09,B9724,2027-04
DUZOL-FORTE 15S,30,143.13,B8363,2026-03
KOCET-1 TAB 10'S,1,399.7,B8602,2028-03
VECOR-FORTE TAB 10'S,30,281.83,B7850,2027-07
RAMAX TAB 10'S,1,113.82,B9247,2026-10
BETAS-1 15S,10,161.41,B5095,2026-10
PAVAS-PLUS-DUO 100ML SYP,10,457.27,B1372,2028-10
FEDOL-DUO 100ML SYP,30,268.57,B4162,2026-08
NICOR-2 TAB 15'S,15,230.86,B4273,2027-03
VEZOL-PLUS TAB 10'S,15,280.63,B8523,2026-11
SUPAN TAB 15'S,15,467.16,B9195,2028-02
ORDOL CAP 10'S,15,123.58,B2144,2026-12
LOPRIL-PLUS-DUO 100ML SYP,30,417.25,B8703,2027-02
NITEL-PLUS CAP 10'S,1,65.1,B9751,2028-01
LOTAS-FORTE 100ML SYP,10,146.28,B7527,2028-01
DUDOL-1 100ML SYP,1,305.01,B8209,2027-02
VEZITH CAP 10'S,1,363.69,B2831,2028-03
KOZITH-2 100ML SYP,20,75.0,B4982,2027-04
MIMAX CAP 10'S,10,224.29,B9053,2026-05
BEPRIL-1 100ML SYP,30,164.07,B8378,2028-05
PAVAS-2 STRIP,10,367.34,B3425,2028-05
DUVS-1 CAP 10'S,1,179.21,B5771,2027-12
FEMOX-2 100ML SYP,20,232.33,B8206,2028-05
ORMET-1 100ML SYP,15,77.16,B5789,2027-05
PAMOX-1-DUO TAB 10'S,15,283.28,B3430,2028-01
ZYMAX-PLUS 100ML SYP,1,359.86,B9467,2027-08
WARF-5 TAB 15'S,20,311.9,B9209,2027-09
RAZITH-1 15S,15,419.01,B8897,2026-08
VEMOX-1 TAB 10'S,10,169.6,B6067,2026-04
ORTAS-2 STRIP,10,314.8,B6840,2027-08
TAFEN-1 100ML SYP,10,404.47,B9587,2026-12
PATEL-2 100ML SYP,10,196.09,B2619,2027-09
ZYTEL-FORTE STRIP,1,407.6,B9810,2026-01
LOFEN-PLUS STRIP,15,123.49,B3993,2028-11
CAMOX-1 TAB 15'S,30,91.75,B5354,2028-05
PAMOX-FORTE TAB 15'S,10,435.7,B3171,2028-05
KOFEN-FORTE TAB 15'S,15,284.44,B8819,2027-02
PAPAN-PLUS TAB 10'S,20,380.89,B2196,2026-08
TAZITH TAB 10'S,30,101.17,B9886,2028-04
VEMAX-2 CAP 10'S,1,12.53,B8041,2026-12
AZITHRAL-500 100ML SYP,15,285.98,B8475,2026-05
VECOR-PLUS STRIP,20,240.51,B3892,2027-09
NITAS-FORTE CAP 10'S,20,132.7,B9719,2026-06
AMLOPRES-AT STRIP,1,153.76,B8209,2026-03
BECET-1 CAP 10'S,1,230.08,B3672,2026-02
DUPAN 100ML SYP,20,52.64,B8261,2027-11
VEPRIL-PLUS TAB 15'S,15,375.59,B4797,2026-05
KOMOX-PLUS CAP 10'S,1,230.73,B5916,2028-04
ORCOR TAB 15'S,20,81.82,B7491,2026-03
CADOL-DUO TAB 15'S,20,459.57,B8762,2028-10
LOCET-PLUS 100ML SYP,20,115.96,B5306,2027-05
TAMOX-1 CAP 10'S,20,351.01,B6166,2027-05
FETAS-1 15S,30,10.68,B7620,2026-07
PAFEN-2 TAB 15'S,30,370.05,B1319,2028-04
ZYTEL-1 100ML SYP,20,147.14,B7119,2026-06
NICOR-FORTE-DUO 15S,20,271.41,B4267,2026-10
CAFEN-2 CAP 10'S,10,43.13,B3628,2027-12
RAVAS-1 100ML SYP,1,229.78,B1753,2028-07
ORCOR-PLUS 100ML SYP,30,125.93,B7144,2026-02
ORMET-1 CAP 10'S,20,261.89,B8178,2027-02
LOFEN-2 100ML SYP,10,161.19,B7779,2026-03
LOMET-PLUS STRIP,15,273.19,B8180,2026-06
LOMAX 100ML SYP,20,270.75,B5774,2028-01
BEMOX-1 TAB 10'S,20,459.8,B6918,2027-12
KOCET-FORTE TAB 15'S,20,229.05,B8549,2027-06
ZYMET 100ML SYP,20,128.53,B1379,2026-02
ORCOR 15S,30,388.46,B1786,2028-01
ORZOL STRIP,20,15.65,B8163,2026-09
ORDOL-2 CAP 10'S,1,240.23,B6468,2028-02
FETAS-FORTE STRIP,10,467.84,B2840,2028-03
PAZOL-FORTE TAB 10'S,1,443.42,B4127,2026-11
ZYZOL-PLUS CAP 10'S,30,221.01,B3493,2028-06
NIPAN-FORTE 100ML SYP,1,168.39,B9646,2028-12
VEVAS-PLUS 15S,10,197.49,B5813,2026-10
RAMAX-2 TAB 10'S,10,114.31,B7998,2026-05
MIPRIL-2-DUO STRIP,20,259.28,B4282,2028-06
VETEL-1 100ML SYP,1,80.03,B3429,2026-05
RAMAX-1 TAB 10'S,1,292.11,B1646,2026-09
CAMOX-FORTE TAB 10'S,20,418.9,B4770,2028-04
CAVAS-2 TAB 15'S,30,475.75,B4817,2026-06
NIVIN-2 15S,10,401.72,B7145,2026-08
SUPRIL-FORTE 100ML SYP,15,187.56,B8320,2027-07
KOVIN-FORTE 15S,1,392.44,B2521,2026-09
LOTEL-PLUS 100ML SYP,1,65.44,B4434,2026-08
TAVAS CAP 10'S,20,203.94,B4446,2026-09
RATEL-PLUS CAP 10'S,1,60.86,B8486,2026-01
BECET-1 15S,30,461.86,B2639,2027-06
NICET-FORTE TAB 10'S,30,454.48,B5926,2026-12
BECET 100ML SYP,30,421.44,B1259,2027-12
ORVIN-FORTE CAP 10'S,10,74.43,B5079,2026-10
BEPRIL-FORTE STRIP,15,74.18,B8697,2026-01
FEZOL TAB 15'S,20,183.44,B7797,2026-07
MIPAN-2 STRIP,15,358.21,B3975,2027-02
PACET-2 TAB 10'S,30,104.32,B7613,2028-06
ORTEL-FORTE CAP 10'S,1,159.55,B1423,2027-01
DUDOL-FORTE-DUO TAB 10'S,15,439.21,B1761,2028-07
SUFEN-2 100ML SYP,1,88.12,B2640,2026-06
ZYCET-FORTE TAB 10'S,30,474.43,B2841,2027-08
PAN-D STRIP,30,71.44,B1011,2027-08
RAZITH-FORTE CAP 10'S,15,160.4,B9847,2027-10
LOTAS-FORTE TAB 10'S,30,240.6,B4215,2026-04
TATEL-1 TAB 15'S,15,319.15,B2553,2028-07
MIVIN STRIP,10,125.9,B5106,2026-12
RAMET-2 CAP 10'S,30,323.46,B9518,2028-10
CAPRIL CAP 10'S,15,162.79,B7140,2028-03
KOPAN-1 TAB 10'S,30,306.25,B4242,2026-01
LOPAN-FORTE TAB 10'S,15,84.41,B6284,2026-10
LOPRIL-2 CAP 10'S,15,304.75,B7646,2027-04
KOCET-FORTE CAP 10'S,1,215.62,B5576,2028-09
TAMOX CAP 10'S,15,128.49,B8984,2028-08
BEZITH-1 100ML SYP,20,368.26,B5306,2026-06
BETEL-2 TAB 10'S,1,67.58,B4721,2027-02
KOVIN-FORTE 100ML SYP,20,67.61,B6695,2027-08
ZYMET-1 TAB 10'S,1,94.19,B9370,2026-03
SUZITH-2 TAB 15'S,10,101.78,B6798,2028-10
ORMET STRIP,1,255.82,B9735,2027-09
AUGMENTN-625-DUO TAB 10'S,18,204.0,B3310,2027-01
ORMAX-FORTE STRIP,15,184.75,B2640,2028-03
KODOL-PLUS STRIP,15,406.01,B3491,2028-10
DUVAS TAB 15'S,20,31.09,B7567,2027-07
BEDOL-2 15S,30,228.9,B3230,2028-05
MIVS CAP 10'S,1,323.35,B4420,2028-10
VEPAN-2 TAB 10'S,10,364.44,B3298,2026-08
PATAS-PLUS-DUO TAB 15'S,30,379.14,B7865,2027-10
VEVIN-FORTE CAP 10'S,10,114.82,B5525,2026-07
FEZOL-2-DUO 100ML SYP,1,453.73,B3487,2026-08
NICOR-PLUS CAP 10'S,20,13.08,B2921,2028-05
KOVIN 100ML SYP,1,230.36,B8180,2027-02
MIDOL STRIP,30,80.54,B6593,2027-01
FEPAN-PLUS CAP 10'S,10,303.9,B7978,2028-03
FEVIN-1 100ML SYP,30,365.99,B4680,2028-02
DUDOL-1 100ML SYP,1,460.99,B6940,2026-11
MICET 100ML SYP,30,207.03,B2723,2027-12
VEMAX-PLUS CAP 10'S,1,163.21,B5116,2027-02
LOFEN-2 100ML SYP,30,122.58,B9109,2026-10
ZYMET-1 CAP 10'S,10,478.73,B8993,2028-10
KOMET-PLUS-DUO 15S,1,252.95,B7268,2026-10
SUDOL-PLUS 100ML SYP,10,279.7,B2924,2026-06
NIZITH-FORTE 100ML SYP,1,207.1,B7451,2028-12
KODOL-2 100ML SYP,30,410.25,B9564,2026-07
MIZOL 100ML SYP,30,323.8,B1420,2026-10
TATEL-PLUS 100ML SYP,20,54.64,B7752,2026-12
PATAS-2 CAP 10'S,20,394.27,B6636,2027-04
DUCOR-2 TAB 10'S,20,224.27,B5311,2026-04
ORPRIL-1 STRIP,20,357.61,B6710,2026-08
ZYPAN-PLUS CAP 10'S,20,298.94,B4728,2027-05
SUMAX-1-DUO 100ML SYP,10,309.82,B6126,2028-08
MIZOL-PLUS 15S,15,132.93,B8953,2027-06
CAMAX-1 CAP 10'S,15,460.79,B6288,2026-02
VEDOL-1-DUO CAP 10'S,1,338.51,B5853,2028-09
LOMAX STRIP,10,101.75,B2483,2028-10
DUMAX-1 100ML SYP,30,410.24,B3388,2028-06
LOCET-1 15S,15,442.83,B2697,2028-05
PAZOL-PLUS-DUO TAB 10'S,20,479.74,B8250,2026-04
PAMOX-FORTE 100ML SYP,20,20.44,B4677,2028-04
LOZOL-1 TAB 15'S,30,313.81,B4538,2026-01
VECOR-PLUS TAB 10'S,1,236.1,B8191,2027-09
LOFEN STRIP,15,202.62,B9496,2028-07
KOCOR-1 15S,20,341.58,B6963,2027-07
BECOR TAB 15'S,20,263.05,B2262,2028-03
ZYCET-PLUS 100ML SYP,15,383.5,B3109,2026-09
FEVAS-1 STRIP,20,57.47,B4732,2028-06
MIVIN-FORTE 100ML SYP,1,395.55,B4669,2027-05
KOVAS-2 TAB 10'S,30,300.08,B9145,2028-07
SUCOR-FORTE TAB 15'S,10,272.3,B1942,2027-08
NIFEN-1 TAB 15'S,10,329.91,B2071,2028-05
KOVIN-DUO 100ML SYP,10,344.82,B9041,2027-12
ORTEL TAB 15'S,30,109.58,B8407,2027-09
BEVAS-1-DUO CAP 10'S,20,117.77,B9322,2027-03
ZYVAS-FORTE 100ML SYP,1,156.42,B1111,2028-01
MIMOX-2 CAP 10'S,1,64.49,B2163,2028-02
MIPRIL-DUO 100ML SYP,15,353.77,B5076,2028-03
LOMAX-PLUS TAB 10'S,30,351.93,B6436,2026-02
RAPAN-1 STRIP,30,387.92,B7247,2028-08
ZYCET CAP 10'S,15,53.25,B6818,2026-12
KOZITH-FORTE CAP 10'S,30,50.83,B5268,2027-04
ORTEL-2 100ML SYP,10,168.35,B2540,2028-05
TVIN-1 STRIP,10,471.51,B1969,2028-06
MICOR-2 TAB 10'S,1,13.94,B6355,2027-05
KOPRIL-2 STRIP,1,184.92,B2136,2026-04
RAPAN-FORTE-DUO 15S,15,260.62,B6656,2026-11
ORCOR-FORTE STRIP,20,278.92,B8220,2028-03
ORPAN 15S,10,301.62,B9807,2026-05
CACOR-1 TAB 10'S,20,330.39,B9494,2026-02
PAMOX-FORTE STRIP,15,478.75,B6527,2027-11
FEVIN-2 15S,30,453.57,B2072,2027-04
SUDOL-PLUS TAB 15'S,30,96.9,B7623,2026-06
SUTAS-1 15S,1,54.62,B9517,2026-11
TELMA-40 STRIP,1,279.44,B9715,2028-07
CAPRIL 100ML SYP,15,141.37,B3219,2027-04
BETEL-FORTE 100ML SYP,30,198.8,B7177,2026-08
RCET-1 TAB 10'S,20,272.91,B7370,2027-08
BEPAN-FORTE CAP 10'S,10,257.0,B1682,2026-02
NIMET-2 STRIP,1,264.2,B6138,2028-01
DUFEN TAB 10'S,20,189.67,B6763,2028-01
KOVAS-FORTE 100ML SYP,30,356.59,B9584,2026-09
DUVAS-FORTE 100ML SYP,10,437.83,B2616,2027-03
PAMET 100ML SYP,20,42.44,B4335,2027-04
NIDOL-FORTE STRIP,10,29.35,B7250,2026-12
KOTAS CAP 10'S,10,434.87,B6419,2026-07
LOZITH-2 CAP 10'S,30,29.13,B3321,2028-04
TATAS CAP 10'S,30,329.15,B6074,2026-11
NIZOL-2 CAP 10'S,30,333.81,B7813,2027-07
ZYCET TAB 15'S,30,127.62,B1170,2028-12
CAPAN-PLUS 100ML SYP,30,68.84,B4653,2026-11
RAZITH-2 TAB 15'S,30,39.39,B9797,2027-03
LOMAX CAP 10'S,30,142.43,B5693,2027-10
ZYCET-FORTE TAB 10'S,30,396.4,B4311,2026-09
DUPAN-PLUS TAB 15'S,15,252.6,B1584,2027-08
BEMOX-1-DUO TAB 15'S,10,401.22,B4022,2026-12
LOCOR-PLUS TAB 15'S,30,298.43,B8177,2028-03
FECOR-FORTE TAB 10'S,1,369.92,B4096,2026-12
MIDOL-2 STRIP,10,455.73,B6592,2027-03
SUVAS-PLUS-DUO TAB 15'S,10,192.7,B3508,2027-09
VEZOL-2-DUO TAB 15'S,15,166.54,B8190,2026-08
LOCOR-FORTE-DUO TAB 15'S,1,257.48,B3639,2026-09
VEPRIL-FORTE-DUO TAB 10'S,10,331.21,B7716,2028-09
PTEL-2 100ML SYP,15,349.77,B6270,2027-01
CAMET-1 TAB 10'S,15,10.79,B1056,2028-01
RAMOX-1 STRIP,10,412.51,B1576,2028-09
LOPAN-FORTE 100ML SYP,30,450.36,B7325,2027-11
CACOR-PLUS 15S,15,330.32,B5096,2027-11
SUPAN-PLUS TAB 15'S,30,261.21,B6900,2026-03
RAMET-PLUS 100ML SYP,15,462.55,B7364,2027-03
SUMAX-PLUS TAB 10'S,30,388.17,B3359,2026-08
FEMOX-FORTE STRIP,15,474.09,B3048,2028-06
TAVAS-FORTE-DUO 15S,30,425.07,B8546,2028-08
DUFEN-2 15S,30,179.6,B6341,2028-07
RAVIN-FORTE STRIP,15,124.12,B4128,2028-04
LOMOX-1 100ML SYP,1,179.53,B8591,2028-07
ORTEL-PLUS CAP 10'S,15,193.42,B8704,2026-09
VEMAX-2 CAP 10'S,1,202.52,B4267,2026-06
VECOR TAB 15'S,30,450.32,B8074,2026-08
DUMOX-FORTE TAB 15'S,30,275.81,B3823,2027-12
MIFEN-1 TAB 15'S,30,279.43,B4240,2026-07
BEMOX-PLUS TAB 15'S,15,367.96,B8973,2027-10
KOCOR-FORTE STRIP,1,355.07,B1578,2028-02
NICET-PLUS TAB 10'S,10,12.09,B1864,2027-02
TATEL CAP 10'S,15,358.97,B4489,2027-02
KOCOR-2 CAP 10'S,1,434.93,B8317,2027-06
ZYTAS CAP 10'S,20,55.91,B3618,2026-03
NIPRIL-2 STRIP,1,201.37,B8693,2028-05
VEPAN TAB 15'S,10,321.35,B3402,2027-02
CACOR-1-DUO TAB 15'S,30,231.17,B8813,2026-01
SUCOR-1 CAP 10'S,30,284.07,B3979,2027-01
SUVAS-PLUS 100ML SYP,1,170.29,B6566,2026-06
SUPAN-2 TAB 15'S,1,149.65,B7449,2026-02
NIFEN-1 100ML SYP,15,461.86,B6254,2027-12
DUZITH-1 TAB 10'S,20,292.53,B9105,2026-10
ORMET 15S,15,180.38,B5140,2026-09
LOTEL-FORTE STRIP,10,239.1,B3734,2026-11
PACOR-FORTE CAP 10'S,20,219.9,B8093,2027-01
LOPRIL 100ML SYP,30,319.24,B6454,2028-01
MIFEN STRIP,10,354.75,B1314,2027-07
NICET-2 15S,30,191.32,B5428,2028-07
TAVAS-PLUS STRIP,30,200.2,B6605,2026-06
RAZOL-FORTE STRIP,15,238.73,B5369,2026-08
VEPRIL-PLUS-DUO TAB 10'S,20,414.62,B2859,2026-03
BEMAX TAB 10'S,15,43.12,B7117,2026-03
TAFEN-2 TAB 15'S,10,415.66,B1158,2028-01
NITEL-PLUS CAP 10'S,1,41.22,B8549,2028-06
ORFEN-2 TAB 10'S,1,65.57,B3272,2026-12
FETAS TAB 15'S,10,347.02,B2500,2026-07
TAMAX-FORTE TAB 15'S,15,31.6,B2301,2027-06
NICET-1 TAB 15'S,30,393.88,B9115,2028-12
KOCET-1 CAP 10'S,1,416.28,B2003,2027-03
VETEL TAB 10'S,15,467.82,B5313,2026-09
FETAS-PLUS TAB 15'S,10,339.75,B2241,2026-03
LOPAN-PLUS TAB 15'S,15,194.28,B5861,2028-07
BEPAN-FORTE CAP 10'S,15,209.32,B6648,2028-04
NIPAN-2 100ML SYP,20,140.84,B3642,2026-01
RACOR-1 CAP 10'S,10,300.57,B8046,2026-11
LOPAN 100ML SYP,30,13.66,B2445,2027-10
DUTEL-PLUS CAP 10'S,1,328.11,B2079,2028-05
BETEL CAP 10'S,30,177.03,B8871,2027-08
TAPAN-2 15S,20,265.67,B4117,2026-10
PAPRIL-1 100ML SYP,20,201.39,B8563,2027-07
ORDOL 15S,30,80.07,B7317,2027-01
BECOR CAP 10'S,30,475.17,B3447,2027-06
CZOL-FORTE 100ML SYP,15,79.29,B4013,2026-02
MICOR 15S,15,135.86,B4240,2026-08
FEMET CAP 10'S,1,139.06,B4112,2027-10
KOZITH-FORTE 15S,30,455.14,B3618,2027-11
KOPAN-PLUS TAB 10'S,10,457.79,B8810,2028-05
TACOR-PLUS STRIP,30,387.31,B7821,2027-01
ZYVIN-2 100ML SYP,15,167.81,B6089,2028-10
KOTAS-2 TAB 10'S,1,69.09,B5618,2027-12
LOTEL-PLUS 100ML SYP,15,182.44,B8758,2026-01
ZYZOL-1 15S,15,106.86,B6344,2028-04
THYRONORM-50 CAP 10'S,30,379.37,B6582,2028-06
BEPRIL-FORTE TAB 15'S,20,376.91,B4750,2028-10
LOVAS TAB 15'S,30,273.88,B1317,2027-09
AUGMENTIN-625-DUO 15S,15,302.34,B2332,2028-08
LOVIN-PLUS-DUO 100ML SYP,20,39.59,B7382,2026-05
TADOL-FORTE-DUO CAP 10'S,10,231.61,B4659,2028-01
CAVIN-1 STRIP,30,273.21,B5468,2027-08
MIZITH-FORTE STRIP,1,102.43,B4083,2028-10
DUVIN 100ML SYP,10,355.15,B4193,2028-09
KOZITH-2 15S,30,338.7,B1178,2027-05
RAZITH-FORTE CAP 10'S,10,21.6,B7904,2026-06
CAMET TAB 15'S,30,303.42,B3571,2028-08
PAZOL-2 TAB 10'S,20,223.21,B4240,2028-10
VETAS TAB 15'S,1,68.67,B1277,2026-01
ORZITH-2 STRIP,30,182.08,B6165,2028-07
ZYCOR-1 100ML SYP,30,313.07,B7480,2026-06
VEPRIL-FORTE TAB 10'S,20,160.93,B1645,2028-01
CACET-PLUS 100ML SYP,15,242.43,B2112,2026-03
KOMET-1 TAB 15'S,15,51.36,B6903,2027-06
PACOR CAP 10'S,10,240.44,B9931,2026-09
TAVIN-FORTE 15S,15,266.7,B2465,2026-08
TAPAN-PLUS CAP 10'S,15,120.93,B1396,2026-11
SUMOX TAB 15'S,30,28.01,B4588,2026-03
PAMOX-PLUS TAB 15'S,1,158.78,B7349,2028-11
TAMOX-2 STRIP,20,240.33,B7798,2028-02
PVAS STRIP,10,106.57,B9052,2026-06
LOMET STRIP,20,248.32,B3689,2027-04
SUTAS-1 TAB 10'S,1,140.83,B7132,2028-07
DUDOL TAB 15'S,1,128.96,B4207,2027-05
DUTEL-1-DUO 100ML SYP,20,221.18,B8299,2028-11
MICOR-FORTE 15S,15,95.24,B1682,2027-02
LOCET-1 TAB 15'S,15,366.61,B5892,2028-11
MIMAX STRIP,20,178.36,B1890,2028-11
KOCOR-PLUS CAP 10'S,15,249.24,B6077,2026-04
NIMET CAP 10'S,15,243.81,B7366,2028-06
TAMOX-2 15S,1,363.82,B9055,2027-09
VEMAX-2 100ML SYP,15,44.66,B2757,2026-01
SUZOL TAB 10'S,20,447.04,B5971,2027-07
NIMOX-1 TAB 15'S,10,33.27,B4527,2028-04
PACOR-FORTE 100ML SYP,20,43.92,B7840,2028-01
MIPRIL-FORTE TAB 10'S,10,150.57,B5304,2027-04
ZYVAS-1 100ML SYP,10,423.5,B8807,2026-01
CAMAX-2-DUO 100ML SYP,15,222.88,B5475,2027-01
RADOL-FORTE 15S,10,353.24,B3511,2026-02
RAPRIL-FORTE 15S,10,25.54,B8085,2027-07
MIPRIL-1 TAB 10'S,1,431.58,B2032,2027-12
MIVIN-1 15S,15,386.52,B1399,2028-05
MICOR-PLUS TAB 15'S,15,333.53,B1031,2028-01
FEMAX-PLUS 15S,1,457.41,B9004,2026-12
RATEL TAB 10'S,20,179.82,B7017,2027-08
ZYCOR-PLUS CAP 10'S,20,350.77,B9859,2026-06
KOMOX-PLUS-DUO CAP 10'S,30,90.11,B7582,2027-08
ORVIN-FORTE CAP 10'S,15,392.32,B9102,2028-09
TELMA-20 15S,10,292.22,B3255,2027-06
ZYTEL-PLUS 15S,1,414.77,B3691,2026-06
SUMOX-PLUS 100ML SYP,15,290.63,B9850,2028-12
SUZITH-1 STRIP,15,469.25,B4372,2028-07
NICOR-1 15S,10,475.52,B9912,2026-09
KOPAN TAB 10'S,20,449.09,B3698,2028-04
DUMOX CAP 10'S,30,63.19,B7116,2028-07
RAVAS 15S,15,280.35,B7684,2028-02
LOMET-PLUS 100ML SYP,30,81.49,B4085,2028-01
CAVIN-PLUS STRIP,10,241.74,B2183,2028-05
ZYVIN-1 15S,20,397.51,B9879,2028-02
VEPRIL-FORTE TAB 15'S,10,15.66,B5846,2026-04
VEMET 100ML SYP,10,39.63,B8415,2026-07
LOTEL-DUO 100ML SYP,30,12.99,B5918,2027-07
ZYCOR-PLUS CAP 10'S,30,300.29,B8838,2028-10
FEVIN-PLUS 100ML SYP,30,469.15,B9191,2027-06
NIMET-2 100ML SYP,30,414.47,B7287,2028-02
VETAS-PLUS STRIP,1,423.66,B9033,2026-07
CDOL-1-DUO 15S,10,232.14,B9908,2026-02
ZYPRIL 100ML SYP,10,222.61,B6527,2026-10
ORDOL-2 TAB 10'S,20,154.23,B8392,2026-10
RACET-1 TAB 10'S,15,288.1,B1462,2028-08
RACET TAB 15'S,30,137.68,B7359,2028-11
MIMET CAP 10'S,1,63.54,B9466,2027-03
FEPRIL-1 CAP 10'S,15,26.79,B6429,2027-02
CATEL TAB 10'S,15,235.57,B5080,2026-07
CACOR 100ML SYP,15,372.6,B1718,2027-03
KOVIN-2 100ML SYP,1,407.09,B4747,2028-08
NIDOL-PLUS TAB 10'S,10,85.61,B3162,2028-10
ZYCET-1-DUO 15S,30,181.07,B8044,2026-12
TAZOL-FORTE 100ML SYP,20,307.64,B2742,2027-08
BEZITH-2 15S,1,339.37,B2096,2026-02
DUZITH-2 100ML SYP,20,232.02,B9308,2026-03
MIDOL-FORTE TAB 15'S,10,277.24,B4219,2027-11
VEPRIL-2 CAP 10'S,1,132.14,B2094,2028-03
LOTAS-2 TAB 10'S,1,26.76,B4316,2026-05
SUZITH-FORTE 100ML SYP,30,13.28,B1982,2028-01
FEVAS 100ML SYP,20,284.39,B1145,2027-03
RADOL-FORTE TAB 15'S,30,386.18,B4091,2028-08
SINAREST-TABLET TAB 15'S,10,89.38,B9870,2026-03
PAZOL-FORTE STRIP,15,414.48,B2114,2027-09
KODOL-FORTE-DUO TAB 10'S,1,85.75,B7774,2028-06
PATEL-PLUS CAP 10'S,30,36.17,B8075,2026-06
VEDOL-1 TAB 10'S,15,325.02,B7122,2027-08
VETAS TAB 15'S,15,234.26,B9348,2027-11
FEFEN-FORTE 100ML SYP,15,121.91,B9540,2027-08
CACOR-PLUS 15S,1,22.59,B2086,2028-02
FEMOX-FORTE TAB 15'S,10,182.41,B7443,2027-08
SUMAX-1 CAP 10'S,20,402.75,B6359,2027-08
TAVIN 15S,1,336.16,B3248,2027-06
SUMAX-1 15S,20,259.45,B2031,2027-11
BETAS-1 CAP 10'S,20,288.57,B4732,2027-06
CAZOL-PLUS-DUO STRIP,15,172.5,B6019,2026-06
TACET-2 15S,20,132.57,B7944,2028-11
DUPRIL-PLUS STRIP,15,386.66,B5833,2026-11
CAFEN-1 100ML SYP,1,268.97,B4349,2027-10
CACOR-2 TAB 10'S,20,309.42,B4370,2028-11
DUMAX TAB 15'S,30,185.0,B7416,2027-12
SUVAS-1 STRIP,30,261.66,B3397,2027-10
ORMAX-FORTE TAB 10'S,30,391.79,B7440,2026-02
MIMOX-2 CAP 10'S,30,222.65,B5539,2028-10
CAZOL-1 CAP 10'S,10,471.3,B9020,2028-02
MIVIN-1-DUO 15S,20,64.38,B3967,2026-06
DUMET-2 TAB 10'S,10,407.87,B5544,2026-09
PAMOX-2 TAB 15'S,10,444.95,B7934,2026-01
PAZOL-2 STRIP,10,12.65,B6531,2028-12
NITAS 15S,15,116.79,B5370,2028-06
ZYZOL-2 TAB 15'S,10,269.35,B6189,2026-03
BEMAX-FORTE 15S,15,263.69,B1285,2026-02
NICOR-PLUS STRIP,20,390.11,B3040,2026-04
DUTAS-PLUS TAB 15'S,15,224.89,B3713,2026-04
FETAS-PLUS TAB 10'S,15,324.79,B8130,2028-10
ORDOL-DUO 15S,15,117.59,B2343,2027-12
RACET-PLUS TAB 15'S,30,409.48,B7228,2026-09
PAMET-1 TAB 15'S,30,214.1,B9584,2027-06
LOZITH-2 STRIP,1,191.09,B8244,2028-04
DUPRIL-PLUS 100ML SYP,10,291.65,B7187,2026-07
DUZOL-FORTE CAP 10'S,20,199.21,B5075,2028-05
CACET-FORTE 15S,1,422.29,B1397,2028-10
VEDOL-PLUS 100ML SYP,10,221.46,B1358,2027-10
FEMET-FORTE 15S,10,239.73,B8296,2027-02
DUMAX-1 CAP 10'S,15,135.03,B5257,2027-03
TAZOL-FORTE STRIP,1,290.78,B4206,2026-07
VEVAS-2 TAB 15'S,10,341.75,B3601,2026-10
CAMOX TAB 10'S,20,45.41,B5180,2027-03
RAVAS 15S,20,419.12,B4047,2026-07
PATEL-DUO STRIP,10,117.42,B2511,2028-01
VECOR 100ML SYP,15,144.05,B8704,2027-03
SUMET-2 TAB 15'S,1,344.31,B2103,2026-05
SUVAS-FORTE TAB 15'S,1,66.59,B8578,2028-06
VEVIN-PLUS TAB 15'S,1,447.97,B5024,2026-06
ORDOL-FORTE CAP 10'S,1,391.88,B9206,2028-01
MITAS TAB 15'S,10,229.4,B3167,2026-10
DUTEL-2-DUO STRIP,20,226.26,B8453,2026-12
FEPRIL-2 TAB 15'S,15,310.14,B1692,2026-07
MIMAX-1 CAP 10'S,30,257.64,B9027,2028-07
TADOL-2 100ML SYP,30,427.51,B8645,2028-09
ZYTAS-DUO STRIP,1,347.06,B7638,2027-09
COMBIFLAM TAB 15'S,1,412.94,B3068,2026-04
ORFEN-1 CAP 10'S,20,62.53,B7756,2027-07
VEVAS-PLUS TAB 10'S,20,237.97,B1262,2026-07
CACOR TAB 15'S,30,416.37,B3291,2028-05
ZYCET TAB 15'S,10,433.04,B8193,2027-08
ZYMAX-FORTE 100ML SYP,30,183.38,B4353,2027-03
KODOL-PLUS TAB 10'S,15,455.33,B2659,2027-06
SUMAX 15S,30,426.69,B8100,2026-10
SUDOL-1 STRIP,1,233.2,B8855,2026-06
FEMOX-FORTE CAP 10'S,1,86.33,B2659,2026-12
ZYCET-PLUS CAP 10'S,10,19.65,B4583,2028-09
SUFEN-1 15S,30,165.67,B8541,2027-10
DUZOL CAP 10'S,10,386.18,B3020,2027-08
FEMOX-1 STRIP,10,322.5,B9978,2028-12
MICET-FORTE TAB 10'S,15,448.35,B7191,2027-11
NIPAN-1 100ML SYP,20,75.95,B4216,2026-10
LOPAN-1 15S,15,27.77,B5962,2026-03
BETEL-1 STRIP,15,205.1,B3484,2027-09
ZYPAN-2 TAB 15'S,10,475.76,B3677,2026-05
ZYZOL-1 TAB 10'S,15,229.04,B3713,2028-08
CAMET-PLUS 100ML SYP,30,391.12,B6615,2028-12
DUPAN-1 15S,20,280.36,B9977,2028-06
BECET-2 CAP 10'S,1,81.44,B9520,2028-05
MIVAS-PLUS TAB 15'S,15,392.65,B8108,2027-05
FEPRIL-2 STRIP,20,243.47,B7630,2026-10
DUCET-PLUS CAP 10'S,10,396.96,B4663,2026-04
LOCOR-2 TAB 15'S,10,337.16,B9287,2027-07
ZYTAS-FORTE 15S,1,164.33,B2329,2026-03
MIDOL-PLUS 100ML SYP,10,373.78,B1932,2027-07
MIZITH-FORTE-DUO TAB 15'S,30,231.34,B1501,2027-06
SUMAX-FORTE-DUO TAB 15'S,30,422.94,B9058,2027-10
ZYCET-FORTE 15S,15,143.21,B3701,2027-03
CACET-FORTE STRIP,30,410.71,B2649,2026-02
ORPRIL-PLUS TAB 10'S,15,263.05,B9071,2026-12
KOZOL-FORTE TAB 10'S,10,230.41,B1535,2026-05
BEPRIL-2 CAP 10'S,20,322.38,B2433,2026-03
CAPAN CAP 10'S,10,26.38,B2349,2026-10
BEMX TAB 15'S,15,431.41,B9034,2026-05
MIMET-1 STRIP,1,41.83,B5660,2026-02
FETAS CAP 10'S,15,311.72,B9435,2026-08
BETAS-PLUS 100ML SYP,20,23.12,B6548,2028-03
DUVIN-2 15S,20,457.2,B6020,2027-11
VETEL-1 15S,30,388.89,B4852,2027-11
DUCOR-FORTE TAB 15'S,30,78.2,B3543,2026-02
NIMOX-2-DUO TAB 10'S,15,58.82,B8355,2026-03
PAZOL-2 CAP 10'S,20,332.61,B4919,2028-08
ORTEL TAB 10'S,1,352.27,B5956,2028-04
ORZOL-2 100ML SYP,10,179.91,B7402,2026-06
ZYPAN-1 TAB 10'S,20,191.87,B9152,2027-11
