generic_name,strength,pack,mrp_inr,catalog_version
Paracetamol,500 mg,15 Tab,7.36,PMBJP-2026-05
Ibuprofen,600 mg,10 Tab,37.83,PMBJP-2026-05
Diclofenac,100 mg,15 Tab,4.61,PMBJP-2026-05
Aceclofenac,250 mg,100 ml Syrup,35.03,PMBJP-2026-05
Amoxicillin,500 mg,10 Cap,43.72,PMBJP-2026-05
Azithromycin,500 mg,15 Tab,19.22,PMBJP-2026-05
Cefixime,100 mg,100 ml Syrup,58.76,PMBJP-2026-05
Ciprofloxacin,100 mg,15 Tab,26.42,PMBJP-2026-05
Ofloxacin,100 mg,15 Tab,25.97,PMBJP-2026-05
Metronidazole,500 mg,10 Tab,49.73,PMBJP-2026-05
Telmisartan,40 mg,100 ml Syrup,21.54,PMBJP-2026-05
Amlodipine,10 mg,100 ml Syrup,50.33,PMBJP-2026-05
Atenolol,100 mg,10 Tab,48.99,PMBJP-2026-05
Losartan,500 mg,100 ml Syrup,14.9,PMBJP-2026-05
Hydrochlorothiazide,100 mg,10 Tab,8.36,PMBJP-2026-05
Metformin,1000 mg,10 Cap,5.57,PMBJP-2026-05
Glimepiride,250 mg,15 Tab,34.33,PMBJP-2026-05
Sitagliptin,100 mg,15 Tab,37.44,PMBJP-2026-05
Atorvastatin,20 mg,15 Tab,34.89,PMBJP-2026-05
Rosuvastatin,500 mg,10 Tab,17.46,PMBJP-2026-05
Pantoprazole,20 mg,10 Tab,35.57,PMBJP-2026-05
Omeprazole,250 mg,10 Tab,6.69,PMBJP-2026-05
Rabeprazole,100 mg,10 Cap,4.47,PMBJP-2026-05
Domperidone,250 mg,10 Cap,57.69,PMBJP-2026-05
Ondansetron,500 mg,15 Tab,21.61,PMBJP-2026-05
Cetirizine,10 mg,10 Cap,58.54,PMBJP-2026-05
Levocetirizine,500 mg,10 Tab,22.55,PMBJP-2026-05
Chlorpheniramine,500 mg,10 Tab,32.12,PMBJP-2026-05
Phenylephrine,100 mg,10 Tab,36.88,PMBJP-2026-05
Montelukast,250 mg,100 ml Syrup,36.84,PMBJP-2026-05
Salbutamol,100 mg,10 Cap,13.03,PMBJP-2026-05
Prednisolone,500 mg,100 ml Syrup,8.41,PMBJP-2026-05
Warfarin,5 mg,10 Tab,57.36,PMBJP-2026-05
Aspirin,75 mg,15 Tab,49.22,PMBJP-2026-05
Clopidogrel,500 mg,15 Tab,47.05,PMBJP-2026-05
Tramadol,50 mg,10 Cap,29.06,PMBJP-2026-05
Fluoxetine,10 mg,10 Cap,20.29,PMBJP-2026-05
Sertraline,500 mg,100 ml Syrup,6.24,PMBJP-2026-05
Iron (Ferrous Ascorbate),500 mg,100 ml Syrup,17.39,PMBJP-2026-05
Folic Acid,500 mg,10 Tab,57.65,PMBJP-2026-05
Calcium Carbonate,500 mg,100 ml Syrup,9.45,PMBJP-2026-05
Vitamin D3,100 mg,15 Tab,46.91,PMBJP-2026-05
Thyroxine,50 mg,10 Tab,31.94,PMBJP-2026-05
Nimesulide,250 mg,10 Cap,13.5,PMBJP-2026-05
Serratiopeptidase,250 mg,15 Tab,7.82,PMBJP-2026-05
Trypsin-Chymotrypsin,500 mg,10 Cap,23.79,PMBJP-2026-05
Doxycycline,100 mg,15 Tab,43.8,PMBJP-2026-05
Nitrofurantoin,250 mg,10 Cap,59.22,PMBJP-2026-05
Clavulanic Acid,250 mg,100 ml Syrup,40.42,PMBJP-2026-05
Ranitidine,100 mg,10 Tab,58.41,PMBJP-2026-05
